"filename", "language", "TypeScript", "TypeScript JSX", "HTML", "Markdown", "PostCSS", "JSON", "comment", "blank", "total"
"/Applications/Myweb/MaiWeb-CN/src/app/components/ActionButton.tsx", "TypeScript JSX", 0, 10, 0, 0, 0, 0, 0, 0, 10
"/Applications/Myweb/MaiWeb-CN/src/app/components/AnimatedComponent.tsx", "TypeScript JSX", 0, 27, 0, 0, 0, 0, 0, 5, 32
"/Applications/Myweb/MaiWeb-CN/src/app/components/ChinaMap.tsx", "TypeScript JSX", 0, 255, 0, 0, 0, 0, 27, 21, 303
"/Applications/Myweb/MaiWeb-CN/src/app/components/ClientLayout.tsx", "TypeScript JSX", 0, 28, 0, 0, 0, 0, 5, 7, 40
"/Applications/Myweb/MaiWeb-CN/src/app/components/ErrorBoundary.tsx", "TypeScript JSX", 0, 64, 0, 0, 0, 0, 7, 10, 81
"/Applications/Myweb/MaiWeb-CN/src/app/components/GlobalPlayer.tsx", "TypeScript JSX", 0, 204, 0, 0, 0, 0, 19, 26, 249
"/Applications/Myweb/MaiWeb-CN/src/app/components/Guide.tsx", "TypeScript JSX", 0, 124, 0, 0, 0, 0, 4, 19, 147
"/Applications/Myweb/MaiWeb-CN/src/app/components/HOC/FrozenRouter.tsx", "TypeScript JSX", 0, 9, 0, 0, 0, 0, 0, 4, 13
"/Applications/Myweb/MaiWeb-CN/src/app/components/LoadingSpinner.tsx", "TypeScript JSX", 0, 30, 0, 0, 0, 0, 1, 5, 36
"/Applications/Myweb/MaiWeb-CN/src/app/components/Navigation.tsx", "TypeScript JSX", 0, 131, 0, 0, 0, 0, 19, 16, 166
"/Applications/Myweb/MaiWeb-CN/src/app/components/NeedItem.tsx", "TypeScript JSX", 0, 224, 0, 0, 0, 0, 32, 17, 273
"/Applications/Myweb/MaiWeb-CN/src/app/components/NewsCard.tsx", "TypeScript JSX", 0, 76, 0, 0, 0, 0, 1, 5, 82
"/Applications/Myweb/MaiWeb-CN/src/app/components/Notice.tsx", "TypeScript JSX", 0, 260, 0, 0, 0, 0, 3, 27, 290
"/Applications/Myweb/MaiWeb-CN/src/app/components/PageTransitionWrapper.tsx", "TypeScript JSX", 0, 37, 0, 0, 0, 0, 3, 9, 49
"/Applications/Myweb/MaiWeb-CN/src/app/components/RatingHistory.tsx", "TypeScript JSX", 0, 212, 0, 0, 0, 0, 13, 20, 245
"/Applications/Myweb/MaiWeb-CN/src/app/components/SearchGameCenter.tsx", "TypeScript JSX", 0, 372, 0, 0, 0, 0, 53, 41, 466
"/Applications/Myweb/MaiWeb-CN/src/app/components/SearchGameCenterResults.tsx", "TypeScript JSX", 0, 138, 0, 0, 0, 0, 3, 9, 150
"/Applications/Myweb/MaiWeb-CN/src/app/components/ShareableImage.tsx", "TypeScript JSX", 0, 185, 0, 0, 0, 0, 0, 8, 193
"/Applications/Myweb/MaiWeb-CN/src/app/components/SvgStrokedText.tsx", "TypeScript JSX", 0, 42, 0, 0, 0, 0, 0, 4, 46
"/Applications/Myweb/MaiWeb-CN/src/app/components/TextScroller.tsx", "TypeScript JSX", 0, 61, 0, 0, 0, 0, 3, 10, 74
"/Applications/Myweb/MaiWeb-CN/src/app/components/UserLogin.tsx", "TypeScript JSX", 0, 19, 0, 0, 0, 0, 0, 6, 25
"/Applications/Myweb/MaiWeb-CN/src/app/components/button/Button.tsx", "TypeScript JSX", 0, 112, 0, 0, 0, 0, 4, 13, 129
"/Applications/Myweb/MaiWeb-CN/src/app/components/button/ButtonShowcase.tsx", "TypeScript JSX", 0, 105, 0, 0, 0, 0, 6, 10, 121
"/Applications/Myweb/MaiWeb-CN/src/app/components/button/DownloadButton.tsx", "TypeScript JSX", 0, 72, 0, 0, 0, 0, 6, 17, 95
"/Applications/Myweb/MaiWeb-CN/src/app/components/button/index.ts", "TypeScript", 3, 0, 0, 0, 0, 0, 0, 1, 4
"/Applications/Myweb/MaiWeb-CN/src/app/components/china.json", "JSON", 0, 0, 0, 0, 0, 103310, 0, 0, 103310
"/Applications/Myweb/MaiWeb-CN/src/app/context/PlayerContext.tsx", "TypeScript JSX", 0, 277, 0, 0, 0, 0, 48, 64, 389
"/Applications/Myweb/MaiWeb-CN/src/app/css/homepage.css", "PostCSS", 0, 0, 0, 0, 88, 0, 0, 18, 106
"/Applications/Myweb/MaiWeb-CN/src/app/globals.css", "PostCSS", 0, 0, 0, 0, 42, 0, 17, 7, 66
"/Applications/Myweb/MaiWeb-CN/src/app/hooks/TokenChecker.tsx", "TypeScript JSX", 0, 52, 0, 0, 0, 0, 3, 8, 63
"/Applications/Myweb/MaiWeb-CN/src/app/hooks/useStateWithCallback.tsx", "TypeScript JSX", 0, 18, 0, 0, 0, 0, 4, 5, 27
"/Applications/Myweb/MaiWeb-CN/src/app/introduction/page.tsx", "TypeScript JSX", 0, 74, 0, 0, 0, 0, 0, 9, 83
"/Applications/Myweb/MaiWeb-CN/src/app/layout.tsx", "TypeScript JSX", 0, 148, 0, 0, 0, 0, 8, 13, 169
"/Applications/Myweb/MaiWeb-CN/src/app/loading.tsx", "TypeScript JSX", 0, 8, 0, 0, 0, 0, 0, 1, 9
"/Applications/Myweb/MaiWeb-CN/src/app/music/[id]/musicPlayer.tsx", "TypeScript JSX", 0, 367, 0, 0, 0, 0, 47, 75, 489
"/Applications/Myweb/MaiWeb-CN/src/app/music/[id]/noteTable.tsx", "TypeScript JSX", 0, 70, 0, 0, 0, 0, 0, 5, 75
"/Applications/Myweb/MaiWeb-CN/src/app/music/[id]/page.tsx", "TypeScript JSX", 0, 342, 0, 0, 0, 0, 23, 32, 397
"/Applications/Myweb/MaiWeb-CN/src/app/music/[id]/scoreDetail.tsx", "TypeScript JSX", 0, 383, 0, 0, 0, 0, 37, 39, 459
"/Applications/Myweb/MaiWeb-CN/src/app/music/page.tsx", "TypeScript JSX", 0, 706, 0, 0, 0, 0, 39, 54, 799
"/Applications/Myweb/MaiWeb-CN/src/app/music/songList.tsx", "TypeScript JSX", 0, 186, 0, 0, 0, 0, 10, 12, 208
"/Applications/Myweb/MaiWeb-CN/src/app/music/songModel.tsx", "TypeScript JSX", 0, 125, 0, 0, 0, 0, 25, 11, 161
"/Applications/Myweb/MaiWeb-CN/src/app/page.tsx", "TypeScript JSX", 0, 407, 0, 0, 0, 0, 18, 30, 455
"/Applications/Myweb/MaiWeb-CN/src/app/qa/feedback/page.tsx", "TypeScript JSX", 0, 231, 0, 0, 0, 0, 9, 20, 260
"/Applications/Myweb/MaiWeb-CN/src/app/qa/page.tsx", "TypeScript JSX", 0, 134, 0, 0, 0, 0, 18, 12, 164
"/Applications/Myweb/MaiWeb-CN/src/app/questionnaire/page.tsx", "TypeScript JSX", 0, 192, 0, 0, 0, 0, 1, 13, 206
"/Applications/Myweb/MaiWeb-CN/src/app/region/[id]/page.tsx", "TypeScript JSX", 0, 237, 0, 0, 0, 0, 13, 15, 265
"/Applications/Myweb/MaiWeb-CN/src/app/region/page.tsx", "TypeScript JSX", 0, 223, 0, 0, 0, 0, 23, 25, 271
"/Applications/Myweb/MaiWeb-CN/src/app/road/page.tsx", "TypeScript JSX", 0, 110, 0, 0, 0, 0, 33, 9, 152
"/Applications/Myweb/MaiWeb-CN/src/app/tool/best/page.tsx", "TypeScript JSX", 0, 501, 0, 0, 0, 0, 14, 40, 555
"/Applications/Myweb/MaiWeb-CN/src/app/tool/collection/components/LoadMoreButton.tsx", "TypeScript JSX", 0, 34, 0, 0, 0, 0, 5, 3, 42
"/Applications/Myweb/MaiWeb-CN/src/app/tool/collection/components/PreviewModal.tsx", "TypeScript JSX", 0, 122, 0, 0, 0, 0, 11, 10, 143
"/Applications/Myweb/MaiWeb-CN/src/app/tool/collection/components/RenderItem.tsx", "TypeScript JSX", 0, 176, 0, 0, 0, 0, 7, 10, 193
"/Applications/Myweb/MaiWeb-CN/src/app/tool/collection/components/SearchForm.tsx", "TypeScript JSX", 0, 130, 0, 0, 0, 0, 4, 6, 140
"/Applications/Myweb/MaiWeb-CN/src/app/tool/collection/components/TabNavigation.tsx", "TypeScript JSX", 0, 55, 0, 0, 0, 0, 5, 7, 67
"/Applications/Myweb/MaiWeb-CN/src/app/tool/collection/model.tsx", "TypeScript JSX", 0, 33, 0, 0, 0, 0, 0, 8, 41
"/Applications/Myweb/MaiWeb-CN/src/app/tool/collection/page.tsx", "TypeScript JSX", 0, 509, 0, 0, 0, 0, 38, 51, 598
"/Applications/Myweb/MaiWeb-CN/src/app/tool/donate/page.tsx", "TypeScript JSX", 0, 81, 0, 0, 0, 0, 0, 12, 93
"/Applications/Myweb/MaiWeb-CN/src/app/tool/news/[id]/page.tsx", "TypeScript JSX", 0, 151, 0, 0, 0, 0, 16, 21, 188
"/Applications/Myweb/MaiWeb-CN/src/app/tool/news/page.tsx", "TypeScript JSX", 0, 103, 0, 0, 0, 0, 2, 13, 118
"/Applications/Myweb/MaiWeb-CN/src/app/tool/page.tsx", "TypeScript JSX", 0, 38, 0, 0, 0, 0, 0, 7, 45
"/Applications/Myweb/MaiWeb-CN/src/app/user/model.tsx", "TypeScript JSX", 0, 39, 0, 0, 0, 0, 0, 3, 42
"/Applications/Myweb/MaiWeb-CN/src/app/user/page.tsx", "TypeScript JSX", 0, 166, 0, 0, 0, 0, 3, 15, 184
"/Applications/Myweb/MaiWeb-CN/src/app/user/profile/page.tsx", "TypeScript JSX", 0, 626, 0, 0, 0, 0, 32, 62, 720
"/Applications/Myweb/MaiWeb-CN/src/docs/performance_optimization.md", "Markdown", 0, 0, 0, 242, 0, 0, 0, 36, 278
"/Applications/Myweb/MaiWeb-CN/src/email/notion.html", "HTML", 0, 0, 112, 0, 0, 0, 0, 12, 124
"/Applications/Myweb/MaiWeb-CN/src/lib/utils.ts", "TypeScript", 5, 0, 0, 0, 0, 0, 0, 2, 7
"/Applications/Myweb/MaiWeb-CN/src/utils/need.tsx", "TypeScript JSX", 0, 53, 0, 0, 0, 0, 18, 9, 80
"/Applications/Myweb/MaiWeb-CN/src/utils/request.tsx", "TypeScript JSX", 0, 55, 0, 0, 0, 0, 9, 13, 77
"Total", "-", 8, 9959, 112, 242, 130, 103310, 749, 1127, 115637